id;first_name;second_name;last_name;mail;title
1;Maurine;Lead alarm Cheese;Mayer;Checking Account markets;Unbranded programming District
2;Boyd;Visionary;Cummerata;yellow programming strategy;Czech Republic
3;Landen;seize Handmade Plastic Mouse;Schmitt;Kids leading-edge synergize;JSON National
4;Jameson;Rue District;McGlynn;Grocery;Concrete Towels Avon
5;Heath;Product;Hessel;Indiana deposit Electronics;Bedfordshire Strategist
6;Jadon;Massachusetts;Stokes;Zimbabwe;Bedfordshire
7;Laurianne;Fantastic Soft Table;Ebert;National turquoise orchid;grow
8;Rod;Arkansas reciprocal;Ratke;Macedonia Japan;target Rhode Island
9;Carlee;Pants;Stoltenberg;Mobility;didactic Dynamic
10;Juliana;auxiliary Liaison;Spencer;SMTP web-readiness Cyprus;Distributed
