id;title;login
1;Licensed Rubber Chips;lecturer1
2;Corporate Cambridgeshire Credit Card Account;lecturer2
3;Corporate Cambridgeshire Credit Card Account;lecturer3
4;Corporate Cambridgeshire Credit Card Account;lecturer4
5;Corporate Cambridgeshire Credit Card Account;lecturer5
6;Corporate Cambridgeshire Credit Card Account;lecturer6
7;Corporate Cambridgeshire Credit Card Account;lecturer7
8;Corporate Cambridgeshire Credit Card Account;lecturer8
9;Corporate Cambridgeshire Credit Card Account;lecturer9
10;Corporate Cambridgeshire Credit Card Account;lecturer10
